Movie Names,Ratings,Metascore,Votes,Gross
1.Logan(2017),8.1,77,761532,$226.28M
2.Thor:Ragnarok(2017),7.9,74,761532,$226.28M
3.GuardiansoftheGalaxyVol.2(2017),7.6,67,761532,$226.28M
4.WonderWoman(2017),7.4,76,761532,$226.28M
5.Dunkirk(2017),7.8,94,761532,$226.28M
6.Spider-Man:Homecoming(2017),7.4,73,761532,$226.28M
7.StarWars:EpisodeVIII-TheLastJedi(2017),6.9,84,761532,$226.28M
8.GetOut(I)(2017),7.7,85,761532,$226.28M
9.BladeRunner2049(2017),8.0,81,761532,$226.28M
10.It(I)(2017),7.3,69,761532,$226.28M
11.BabyDriver(2017),7.6,86,761532,$226.28M
"12.ThreeBillboardsOutsideEbbing,Missouri(2017)",8.1,88,761532,$226.28M
13.Coco(I)(2017),8.4,81,761532,$226.28M
14.Lacasadepapel(2017–2021),8.2,,761532,
15.JusticeLeague(2017),6.1,45,761532,$226.28M
16.JohnWick:Chapter2(2017),7.4,75,761532,$226.28M
17.TheShapeofWater(2017),7.3,87,761532,$226.28M
18.Dark(2017–2020),8.7,,761532,
19.Jumanji:WelcometotheJungle(2017),6.9,58,761532,$226.28M
20.Kingsman:TheGoldenCircle(2017),6.7,44,761532,$226.28M
21.Kong:SkullIsland(2017),6.6,62,761532,$226.28M
22.Ozark(2017–2022),8.5,,761532,
23.PiratesoftheCaribbean:DeadMenTellNoTales(2017),6.5,39,761532,$226.28M
24.BeautyandtheBeast(I)(2017),7.1,65,761532,$226.28M
25.13ReasonsWhy(2017–2020),7.5,,761532,
26.LadyBird(2017),7.4,93,761532,$226.28M
27.Mindhunter(2017–2019),8.6,,761532,
28.Alien:Covenant(2017),6.4,65,761532,$226.28M
29.TheGreatestShowman(2017),7.5,48,761532,$226.28M
30.CallMebyYourName(2017),7.8,94,761532,$226.28M
31.MurderontheOrientExpress(2017),6.5,52,761532,$226.28M
32.WarforthePlanetoftheApes(2017),7.4,82,761532,$226.28M
33.WindRiver(2017),7.7,73,761532,$226.28M
34.TheHandmaid'sTale(2017–),8.4,,761532,
35.ThePunisher(2017–2019),8.5,,761532,
36.TheFateoftheFurious(2017),6.6,56,761532,$226.28M
37.Life(I)(2017),6.6,54,761532,$226.28M
38.TheHitman'sBodyguard(2017),6.9,47,761532,$226.28M
39.Mother!(2017),6.6,75,761532,$226.28M
40.KingArthur:LegendoftheSword(2017),6.7,41,761532,$226.28M
"41.I,Tonya(2017)",7.5,77,761532,$226.28M
42.GhostintheShell(2017),6.3,52,761532,$226.28M
43.DarkestHour(2017),7.4,75,761532,$226.28M
44.BigLittleLies(2017–2019),8.5,,761532,
45.AtomicBlonde(2017),6.7,63,761532,$226.28M
46.TheMummy(2017),5.4,34,761532,$226.28M
47.TheEndoftheF***ingWorld(2017–2019),8.1,,761532,
48.Bright(I)(2017),6.3,29,761532,$226.28M
49.Baywatch(2017),5.5,37,761532,$226.28M
50.AmericanMade(2017),7.1,65,761532,$226.28M
51.ValerianandtheCityofaThousandPlanets(2017),6.4,51,761532,$226.28M
52.Molly'sGame(2017),7.4,71,761532,$226.28M
53.Wonder(I)(2017),7.9,66,761532,$226.28M
54.TheKillingofaSacredDeer(2017),7.0,73,761532,$226.28M
55.TheDisasterArtist(2017),7.3,76,761532,$226.28M
56.TheLegoBatmanMovie(2017),7.3,75,761532,$226.28M
57.Transformers:TheLastKnight(2017),5.2,27,761532,$226.28M
58.ThePost(2017),7.2,83,761532,$226.28M
59.LoganLucky(2017),7.0,78,761532,$226.28M
60.Riverdale(2017–),6.6,,761532,
61.HappyDeathDay(2017),6.6,58,761532,$226.28M
62.TheDarkTower(2017),5.6,34,761532,$226.28M
63.Taboo(2017–),8.3,,761532,
64.DespicableMe3(2017),6.2,49,761532,$226.28M
65.TheBigSick(2017),7.5,86,761532,$226.28M
66.Annabelle:Creation(2017),6.5,62,761532,$226.28M
67.PhantomThread(2017),7.4,90,761532,$226.28M
68.IronFist(2017–2018),6.4,,761532,
69.TheBossBaby(2017),6.3,50,761532,$226.28M
70.T2Trainspotting(2017),7.2,67,761532,$226.28M
71.GoodTime(2017),7.3,80,761532,$226.28M
72.TheSinner(2017–2021),7.9,,761532,
73.WhatHappenedtoMonday(2017),6.8,47,761532,$226.28M
74.StarTrek:Discovery(2017–),7.0,,761532,
75.Okja(2017),7.3,75,761532,$226.28M
76.YouWereNeverReallyHere(2017),6.7,84,761532,$226.28M
77.Gifted(2017),7.6,60,761532,$226.28M
78.TheForeigner(I)(2017),7.0,55,761532,$226.28M
79.TheFloridaProject(2017),7.6,92,761532,$226.28M
80.TheMarvelousMrs.Maisel(2017–),8.7,,761532,
81.Downsizing(2017),5.8,63,761532,$226.28M
82.Gerald'sGame(2017),6.5,77,761532,$226.28M
83.Geostorm(2017),5.3,21,761532,$226.28M
84.PowerRangers(2017),5.9,44,761532,$226.28M
85.TheDefenders(2017),7.2,,761532,
86.TheDeathofStalin(2017),7.2,88,761532,$226.28M
87.FiftyShadesDarker(2017),4.6,33,761532,$226.28M
88.TheRitual(I)(2017),6.3,57,761532,$226.28M
89.Baahubali2:TheConclusion(2017),8.2,,761532,
90.Cars3(2017),6.7,59,761532,$226.28M
91.TheGoodDoctor(2017–),8.1,,761532,
92.ItComesatNight(2017),6.2,78,761532,$226.28M
93.TheBabysitter(I)(2017),6.3,,761532,
94.TheCircle(I)(2017),5.3,43,761532,$226.28M
95.xXx:ReturnofXanderCage(2017),5.2,42,761532,$226.28M
96.Legion(2017–2019),8.2,,761532,
97.GameofThrones(2011–2019)Episode:TheSpoilsofWar(2017),9.7,,761532,
98.Atypical(2017–2021),8.3,,761532,
99.TheOrville(2017–),8.0,,761532,
100.ShotCaller(2017),7.3,59,761532,$226.28M
101.AmericanGods(2017–2021),7.7,,761532,
102.GoinginStyle(2017),6.6,50,761532,$226.28M
103.Hostiles(2017),7.2,65,761532,$226.28M
104.AlltheMoneyintheWorld(2017),6.8,72,761532,$226.28M
105.DeathNote(I)(2017),4.6,43,761532,$226.28M
106.AmericanAssassin(2017),6.2,45,761532,$226.28M
107.Jigsaw(I)(2017),5.7,39,761532,$226.28M
108.BigMouth(2017–),7.9,,761532,
109.Paddington2(2017),7.8,88,761532,$226.28M
110.Papillon(I)(2017),7.2,51,761532,$226.28M
111.TheMountainBetweenUs(2017),6.4,48,761532,$226.28M
112.Daddy'sHome2(2017),6.0,30,761532,$226.28M
113.Reis(2017),1.0,,761532,
114.AGhostStory(2017),6.8,84,761532,$226.28M
115.ADog'sPurpose(2017),7.2,43,761532,$226.28M
116.OnlytheBrave(2017),7.6,72,761532,$226.28M
117.SantaClaritaDiet(2017–2019),7.8,,761532,
118.Godless(2017),8.3,,761532,
119.TwinPeaks(2017),8.5,,761532,
120.BrawlinCellBlock99(2017),7.1,79,761532,$226.28M
121.TheSquare(2017),7.2,73,761532,$226.28M
122.Castlevania(2017–2021),8.3,,761532,
123.GameofThrones(2011–2019)Episode:BeyondtheWall(2017),9.0,,761532,
124.GameofThrones(2011–2019)Episode:TheDragonandtheWolf(2017),9.4,,761532,
125.TheSnowman(2017),5.1,23,761532,$226.28M
126.PitchPerfect3(2017),5.8,40,761532,$226.28M
127.TheEmojiMovie(2017),3.3,12,761532,$226.28M
128.1922(2017),6.2,70,761532,$226.28M
129.YoungSheldon(2017–),7.6,,761532,
130.ASeriesofUnfortunateEvents(2017–2019),7.8,,761532,
131.Manhunt(II)(2017–2020),8.1,,761532,
132.Idon'tfeelathomeinthisworldanymore.(2017),6.9,75,761532,$226.28M
133.LovingVincent(2017),7.8,62,761532,$226.28M
134.TheBeguiled(2017),6.3,77,761532,$226.28M
135.Ferdinand(2017),6.7,58,761532,$226.28M
136.Jungle(I)(2017),6.7,48,761532,$226.28M
137.FirstReformed(2017),7.1,85,761532,$226.28M
138.TheUpside(2017),7.0,46,761532,$226.28M
139.BattleoftheSexes(2017),6.7,73,761532,$226.28M
140.47MetersDown(2017),5.6,52,761532,$226.28M
141.Anne(2017–2019),8.7,,761532,
142.Detroit(2017),7.3,77,761532,$226.28M
143.TheSpaceBetweenUs(I)(2017),6.4,33,761532,$226.28M
144.BeforeIFall(2017),6.4,58,761532,$226.28M
145.RoughNight(2017),5.2,51,761532,$226.28M
146.BlackMirror(2011–2019)Episode:HangtheDJ(2017),8.7,,761532,
147.BlackMirror(2011–2019)Episode:USSCallister(2017),8.3,,761532,
148.GameofThrones(2011–2019)Episode:Dragonstone(2017),8.5,,761532,
149.ABadMomsChristmas(2017),5.6,42,761532,$226.28M
150.Icarus(2017),7.9,68,761532,$226.28M
151.TotheBone(I)(2017),6.8,64,761532,$226.28M
152.Mudbound(2017),7.4,85,761532,$226.28M
153.TheMeyerowitzStories(NewandSelected)(2017),6.9,79,761532,$226.28M
154.CHIPS(2017),6.0,28,761532,$226.28M
155.Flatliners(2017),5.2,27,761532,$226.28M
156.GameofThrones(2011–2019)Episode:TheQueen'sJustice(2017),9.1,,761532,
157.WarMachine(2017),6.0,56,761532,$226.28M
158.GLOW(2017–2019),8.0,,761532,
159.Stronger(I)(2017),6.9,76,761532,$226.28M
160.VikramVedha(2017),8.3,,761532,
161.GameofThrones(2011–2019)Episode:Stormborn(2017),8.8,,761532,
162.Raees(2017),6.6,,761532,
163.GameofThrones(2011–2019)Episode:Eastwatch(2017),8.7,,761532,
164.TheHouse(I)(2017),5.6,30,761532,$226.28M
165.Suburbicon(2017),5.7,42,761532,$226.28M
166.Cargo(I)(2017),6.3,65,761532,$226.28M
167.Revenge(II)(2017),6.4,81,761532,$226.28M
168.TheZookeeper'sWife(2017),7.0,57,761532,$226.28M
169.TheEndless(I)(2017),6.5,80,761532,$226.28M
170.Thoroughbreds(2017),6.6,75,761532,$226.28M
171.FistFight(2017),5.6,37,761532,$226.28M
172.BlackMirror(2011–2019)Episode:BlackMuseum(2017),8.6,,761532,
173.IngridGoesWest(2017),6.6,71,761532,$226.28M
174.Verónica(I)(2017),6.2,,761532,
175.BluePlanetII(2017–2022),9.3,,761532,
176.Rings(2017),4.5,25,761532,$226.28M
177.BlackMirror(2011–2019)Episode:Arkangel(2017),7.3,,761532,
178.TheWife(I)(2017),7.2,77,761532,$226.28M
179.Ayla:TheDaughterofWar(2017),8.3,,761532,
"180.Everything,Everything(2017)",6.3,52,761532,$226.28M
181.Happy!(2017–2019),8.1,,761532,
182.CumaliCeber:AllahSeniAlsin(2017),1.0,,761532,
"183.RomanJ.Israel,Esq.(2017)",6.5,58,761532,$226.28M
184.BlackMirror(2011–2019)Episode:Crocodile(2017),7.3,,761532,
185.GirlsTrip(2017),6.2,71,761532,$226.28M
186.Kidnap(I)(2017),5.9,44,761532,$226.28M
187.TimeTrap(2017),6.2,46,761532,$226.28M
188.BlackMirror(2011–2019)Episode:Metalhead(2017),6.6,,761532,
189.TheShack(I)(2017),6.2,32,761532,$226.28M
190.Victoria&Abdul(2017),6.8,58,761532,$226.28M
191.Snatched(2017),4.6,45,761532,$226.28M
192.Unlocked(I)(2017),6.3,46,761532,$226.28M
193.TheGifted(I)(2017–2019),7.3,,761532,
194.Mersal(2017),7.5,,761532,
195.GhostStories(I)(2017),6.4,68,761532,$226.28M
196.Gi-eok-uibam(2017),7.4,,761532,
197.TheDiscovery(I)(2017),6.2,54,761532,$226.28M
198.ShingekinoKyojin(2013–2023)Episode:Warrior(2017),9.8,,761532,
199.TheGlassCastle(2017),7.1,56,761532,$226.28M
200.AliasGrace(2017),7.7,,761532,
201.Nelyubov(2017),7.6,86,761532,$226.28M
202.AusdemNichts(2017),7.1,65,761532,$226.28M
203.Krym(I)(2017),3.6,,761532,
204.Thelma(2017),7.0,74,761532,$226.28M
205.HomeAgain(2017),5.8,41,761532,$226.28M
206.Sleepless(III)(2017),5.6,34,761532,$226.28M
207.IKillGiants(2017),6.1,74,761532,$226.28M
208.RickandMorty(2013–)Episode:TheRicklantisMixup(2017),9.8,,761532,
209.Marrowbone(2017),6.7,63,761532,$226.28M
210.BorgMcEnroe(2017),6.9,63,761532,$226.28M
211.Disobedience(2017),6.6,74,761532,$226.28M
212.God'sOwnCountry(2017),7.6,85,761532,$226.28M
213.AmericanVandal(2017–2018),8.1,,761532,
214.TigerZindaHai(2017),5.9,,761532,
215.HindiMedium(2017),7.8,,761532,
216.WhattheHealth(2017),7.2,,761532,
217.TheDeuce(2017–2019),8.1,,761532,
218.TheChosen(2017–),9.3,,761532,
219.Table19(2017),5.8,40,761532,$226.28M
220.WonderWheel(2017),6.2,45,761532,$226.28M
221.CaptainUnderpants:TheFirstEpicMovie(2017),6.2,69,761532,$226.28M
222.TheGoodFight(2017–2022),8.3,,761532,
223.FantasticBeastsandWheretoFindThem:Newt(2017Video),7.2,,761532,
224.TheCurrentWar(2017),6.5,55,761532,$226.28M
225.Teströléslélekröl(2017),7.5,77,761532,$226.28M
226.StrangerThings(2016–)Episode:ChapterSeven:TheLostSister(2017),6.1,,761532,
227.GoodbyeChristopherRobin(2017),7.1,54,761532,$226.28M
228.TheBookofHenry(2017),6.6,31,761532,$226.28M
229.Sherlock(2010–2017)Episode:TheFinalProblem(2017),8.1,,761532,
230.Counterpart(2017–2019),8.0,,761532,
231.TheWall(II)(2017),6.2,57,761532,$226.28M
232.Sherlock(2010–2017)Episode:TheLyingDetective(2017),9.1,,761532,
233.Kaabil(2017),7.1,,761532,
234.Creep2(2017),6.4,75,761532,$226.28M
235.Elbar(2017),6.3,,761532,
236.Inhumans(2017),4.9,,761532,
237.SecretSuperstar(2017),7.8,,761532,
238.TheLegoNinjagoMovie(2017),6.0,55,761532,$226.28M
239.ProfessorMarstonandtheWonderWomen(2017),7.0,68,761532,$226.28M
240.SEALTeam(2017–),7.7,,761532,
241.Den12.mann(2017),7.3,70,761532,$226.28M
242.Runaways(2017–2019),6.9,,761532,
"243.Jim&Andy:TheGreatBeyond-FeaturingaVerySpecial,ContractuallyObligatedMentionofTonyClifton(2017)",7.6,77,761532,$226.28M
244.JusticeLeagueDark(2017Video),7.0,,761532,
245.CultofChucky(2017),5.2,69,761532,$226.28M
246.LastFlagFlying(2017),6.9,65,761532,$226.28M
247.TheWizardofLies(2017TVMovie),6.8,,761532,
248.UnaMujerFantástica(2017),7.2,86,761532,$226.28M
249.TheBreadwinner(2017),7.7,78,761532,$226.28M
250.TheOttomanLieutenant(2017),6.4,26,761532,$226.28M
251.ArjunReddy(2017),8.0,,761532,
252.JollyLLB2(2017),7.2,,761532,
253.BlackLightning(2017–2021),6.1,,761532,
254.FutureMan(2017–2020),7.7,,761532,
255.BerlinSyndrome(2017),6.2,70,761532,$226.28M
256.DearWhitePeople(2017–2021),6.3,,761532,
257.TheMist(2017),5.4,,761532,
258.Kameraotomeruna!(2017),7.6,86,761532,$226.28M
259.Taeksiwoonjunsa(2017),7.9,69,761532,$226.28M
260.Aftermath(IV)(2017),5.7,44,761532,$226.28M
261.BabylonBerlin(2017–),8.4,,761532,
262.ShingekinoKyojin(2013–2023)Episode:Scream(2017),9.7,,761532,
263.TheVietnamWar(2017),9.1,,761532,
264.CrookedHouse(2017),6.3,59,761532,$226.28M
265.Sherlock(2010–2017)Episode:TheSixThatchers(2017),7.6,,761532,
266.Marshall(2017),7.3,66,761532,$226.28M
267.Leatherface(2017),5.0,40,761532,$226.28M
268.TheByeByeMan(2017),4.3,37,761532,$226.28M
269.MomandDad(2017),5.5,59,761532,$226.28M
270.MeganLeavey(2017),7.1,66,761532,$226.28M
271.S.W.A.T.(2017–),7.1,,761532,
272.Lucky(I)(2017),7.3,80,761532,$226.28M
273.AileArasinda(2017),7.7,,761532,
274.SandCastle(2017),6.3,45,761532,$226.28M
275.APrayerBeforeDawn(2017),6.8,76,761532,$226.28M
276.BareillyKiBarfi(2017),7.5,,761532,
277.2:22(2017),5.7,,761532,
278.StrangerThings(2016–)Episode:ChapterNine:TheGate(2017),9.3,,761532,
279.SuperDarkTimes(2017),6.6,75,761532,$226.28M
280.BlackClover(2017–2021),8.3,,761532,
281.AllEyezonMe(2017),5.8,38,761532,$226.28M
282.TheLittleHours(2017),5.8,69,761532,$226.28M
283.iBoy(2017),5.9,50,761532,$226.28M
284.JeepersCreepers3(2017),3.9,,761532,
285.Breathe(I)(2017),7.1,51,761532,$226.28M
286.TheKeepers(II)(2017),8.0,,761532,
287.Dynasty(2017–2022),7.3,,761532,
288.BetterCallSaul(2015–2022)Episode:Chicanery(2017),9.7,,761532,
289.Salvation(2017–2018),6.9,,761532,
290.TheSuper(2017),5.5,47,761532,$226.28M
291.6Days(I)(2017),6.2,36,761532,$226.28M
292.Mr.Mercedes(2017–2019),7.8,,761532,
293.BeyondSkyline(2017),5.3,46,761532,$226.28M
294.Mayhem(2017),6.4,62,761532,$226.28M
295.Smurfs:TheLostVillage(2017),5.9,40,761532,$226.28M
296.Toilet-EkPremKatha(2017),7.2,,761532,
297.RickandMorty(2013–)Episode:TheRickshankRickdemption(2017),9.6,,761532,
298.LittleEvil(2017),5.7,,761532,
299.MyFriendDahmer(2017),6.2,68,761532,$226.28M
300.Boruto:NarutoNextGenerations(2017–),6.7,,761532,
301.TheBoldType(2017–2021),7.8,,761532,
302.TulipFever(2017),6.2,38,761532,$226.28M
303.Chalardgamesgoeng(2017),7.6,,761532,
304.StrangerThings(2016–)Episode:ChapterEight:TheMindFlayer(2017),9.2,,761532,
305.FriendsfromCollege(2017–2019),6.9,,761532,
306.SongtoSong(I)(2017),5.6,54,761532,$226.28M
307.WishUpon(2017),5.0,32,761532,$226.28M
308.JabHarryMetSejal(2017),5.0,,761532,
309.Wheelman(2017),6.4,66,761532,$226.28M
310.LovingPablo(2017),6.3,42,761532,$226.28M
311.Knightfall(2017–2019),6.8,,761532,
312.Tubelight(2017),3.9,,761532,
313.Training'JohnWick'(2017Video),7.6,,761532,
314.Haganenorenkinjutsushi(2017),5.3,48,761532,$226.28M
315.Newton(2017),7.6,,761532,
316.Naked(I)(2017),5.4,36,761532,$226.28M
317.AbductedinPlainSight(2017),6.8,,761532,
318.FatherFigures(2017),5.5,22,761532,$226.28M
319.AChristmasPrince(2017),5.8,,761532,
320.TheDawnWall(2017),8.1,81,761532,$226.28M
321.Feud(2017–),8.4,,761532,
322.StrangerThings(2016–)Episode:ChapterOne:MADMAX(2017),8.2,,761532,
323.OnceUponaTimeinVenice(2017),5.3,28,761532,$226.28M
324.UnicornStore(2017),5.6,44,761532,$226.28M
325.MyCousinRachel(2017),6.0,63,761532,$226.28M
326.HotSummerNights(2017),6.3,44,761532,$226.28M
327.StrangerThings(2016–)Episode:ChapterSix:TheSpy(2017),9.1,,761532,
328.TocToc(2017),6.8,,761532,
329.Security(I)(2017),5.7,,761532,
330.RickandMorty(2013–)Episode:PickleRick(2017),9.3,,761532,
331.TheRider(2017),7.4,91,761532,$226.28M
332.TheParty(I)(2017),6.5,73,761532,$226.28M
333.TheHeroes(2008–)Episode:KnightinBlack(2017),8.9,,761532,
334.Genius(I)(2017–),8.2,,761532,
335.ElChapo(2017–2018),7.8,,761532,
336.FirstTheyKilledMyFather(2017),7.2,72,761532,$226.28M
337.Masum(2017),8.3,,761532,
338.Snowfall(2017–),8.2,,761532,
"339.StrangerThings(2016–)Episode:ChapterTwo:TrickorTreat,Freak(2017)",8.3,,761532,
340.Columbus(I)(2017),7.2,89,761532,$226.28M
341.Girlboss(2017),7.0,,761532,
342.StrangerThings(2016–)Episode:ChapterFive:DigDug(2017),8.8,,761532,
343.DerHauptmann(2017),7.3,67,761532,$226.28M
344.Workin'Moms(2017–2023),7.8,,761532,
345.Brad'sStatus(2017),6.5,71,761532,$226.28M
346.StrangerThings(2016–)Episode:ChapterThree:ThePollywog(2017),8.5,,761532,
347.Mugennojûnin(2017),6.7,72,761532,$226.28M
348.StrangerThings(2016–)Episode:ChapterFour:WilltheWise(2017),8.5,,761532,
349.TheHitman'sBodyguard:TheHitmanvs.TheBodyguard(2017Video),6.9,,761532,
350.Kodachrome(2017),6.8,57,761532,$226.28M
351.Koombiyo(2017–2018),9.0,,761532,
352.SandyWexler(2017),5.2,40,761532,$226.28M
353.Hangman(II)(2017),5.2,31,761532,$226.28M
354.Gypsy(2017),6.8,,761532,
355.HHhH(2017),6.4,,761532,
356.TheMick(2017–2018),7.8,,761532,
357.Newness(2017),6.3,50,761532,$226.28M
358.12FeetDeep(2017),5.3,,761532,
359.L'insulte(2017),7.6,72,761532,$226.28M
360.Radius(2017),6.2,,761532,
361.BrigsbyBear(2017),7.3,67,761532,$226.28M
362.ElectricDreams(2017–2018),7.2,,761532,
363.Churchill(2017),6.1,44,761532,$226.28M
364.Rememory(2017),6.1,48,761532,$226.28M
365.OneDayataTime(2017–2020),8.2,,761532,
366.HowtoBeaLatinLover(2017),6.0,54,761532,$226.28M
367.TheManWhoInventedChristmas(2017),7.0,60,761532,$226.28M
368.RecepIvedik5(2017),3.3,,761532,
369.Aterrados(2017),6.4,,761532,
370.Britannia(2017–),6.8,,761532,
371.Çukur(2017–2021),7.5,,761532,
372.ColdSkin(2017),6.0,,761532,
373.Elguardiáninvisible(2017),6.4,,761532,
374.MaryShelley(2017),6.4,49,761532,$226.28M
375.JohnWickChapter2:Wick-vizzed(2017Video),7.8,,761532,
376.Unforgettable(II)(2017),5.1,45,761532,$226.28M
377.ShaadiMeinZaroorAana(2017),7.5,,761532,
378.OtherLife(2017),6.2,,761532,
379.Sin-gwaham-kke:Jwi-wabeol(2017),7.2,,761532,
380.HappyEnd(2017),6.6,72,761532,$226.28M
381.Absentia(2017–2020),7.2,,761532,
382.ShingekinoKyojin(2013–2023)Episode:CloseCombat(2017),9.6,,761532,
383.120battementsparminute(2017),7.4,84,761532,$226.28M
384.TheBookshop(2017),6.5,62,761532,$226.28M
385.TeenTitans:TheJudasContract(2017Video),7.0,,761532,
386.Strike(2017–),7.9,,761532,
387.ShimmerLake(2017),6.3,,761532,
388.Overdrive(2017),5.3,,761532,
389.ShingekinoKyojin(2013–2023)Episode:Totsugeki(2017),9.5,,761532,
390.TheOnlyLivingBoyinNewYork(2017),6.3,33,761532,$226.28M
391.TheeranAdhigaaramOndru(2017),8.2,,761532,
392.Aknyeo(2017),6.6,64,761532,$226.28M
393.HorizonZeroDawn(2017VideoGame),9.0,,761532,
394.TheLayover(I)(2017),4.7,15,761532,$226.28M
395.HiddenFigures:ItAllAddsUp-TheMakingofHiddenFigures(2017Video),8.1,,761532,
396.TheDefiantOnes(2017),8.5,,761532,
397.TheHitman'sBodyguard:DangerousWomen(2017Video),6.8,,761532,
398.Suburra-Laserie(2017–2020),7.9,,761532,
399.BeachRats(2017),6.4,78,761532,$226.28M
400.24HourstoLive(2017),5.8,37,761532,$226.28M
"401.AsAbove,SoBelow:TheUnderworldof'JohnWick'(2017Video)",7.7,,761532,
402.TinStar(2017–2020),7.2,,761532,
403.RetroWick:ExploringtheUnexpectedSuccessof'JohnWick'(2017Video),7.6,,761532,
404.Laschicasdelcable(2017–2020),7.5,,761532,
405.Mearitomajonohana(2017),6.8,74,761532,$226.28M
406.TheWalkingDead(2010–2022)Episode:TheFirstDayoftheRestofYourLife(2017),7.7,,761532,
407.Amityville:TheAwakening(2017),4.8,42,761532,$226.28M
408.Dark(2017–2020)Episode:Geheimnisse(2017),8.2,,761532,
409.Perfectosdesconocidos(2017),6.9,,761532,
410.PleaseStandBy(2017),6.7,49,761532,$226.28M
411.ThankYouforYourService(I)(2017),6.6,68,761532,$226.28M
"412.Midnight,Texas(2017–2018)",7.3,,761532,
413.Singularity(I)(2017),3.7,,761532,
414.ShingekinoKyojin(2013–2023)Episode:BeastTitan(2017),9.2,,761532,
415.Beast(III)(2017),6.8,74,761532,$226.28M
416.BlackButterfly(II)(2017),6.1,43,761532,$226.28M
417.KillingGunther(2017),4.8,53,761532,$226.28M
418.Goon:LastoftheEnforcers(2017),5.8,48,761532,$226.28M
419.BatmanandHarleyQuinn(2017),5.9,,761532,
420.Imposters(2017–2018),7.8,,761532,
421.LaMante(2017),7.4,,761532,
422.ResidentEvil:Vendetta(2017),6.2,,761532,
423.Zashchitniki(2017),4.0,,761532,
424.OurSoulsatNight(2017),6.9,69,761532,$226.28M
425.TheGhaziAttack(2017),7.5,,761532,
426.MarkFelt:TheManWhoBroughtDowntheWhiteHouse(2017),6.4,49,761532,$226.28M
427.Chappaquiddick(2017),6.4,67,761532,$226.28M
428.TheChildrenAct(2017),6.7,62,761532,$226.28M
429.AnnaandtheApocalypse(2017),6.0,63,761532,$226.28M
430.YouGetMe(2017),4.7,,761532,
431.TheWhitePrincess(2017),7.5,,761532,
432.ShingekinoKyojin(2013–2023)Episode:Historia(2017),9.2,,761532,
433.TheVault(I)(2017),4.8,50,761532,$226.28M
434.Prityazhenie(2017),5.6,,761532,
435.Gaga:FiveFootTwo(2017),7.0,63,761532,$226.28M
436.WhatDidJackDo?(2017),6.4,,761532,
437.Olaf'sFrozenAdventure(2017),5.6,,761532,
438.LeanonPete(2017),7.2,80,761532,$226.28M
439.Him-ssenyeo-jaDoBong-soon(2017),8.2,,761532,
440.RickandMorty(2013–)Episode:RestandRicklaxation(2017),8.9,,761532,
441.Six(2017–2018),7.2,,761532,
442.TheWalkingDead(2010–2022)Episode:Mercy(2017),6.9,,761532,
443.RickandMorty(2013–)Episode:RickmancingtheStone(2017),8.1,,761532,
444.Ittefaq(2017),7.2,,761532,
445.ShingekinoKyojin(2013–2023)Episode:Soldier(2017),9.2,,761532,
446.EscapeRoom(II)(2017),4.2,,761532,
447.Dark(2017–2020)Episode:Lügen(2017),8.1,,761532,
448.TheAgeofSpin:DaveChappelleLiveattheHollywoodPalladium(2017TVSpecial),8.1,,761532,
449.DaveChappelle:Equanimity(2017TVSpecial),8.1,,761532,
450.TheHumanityBureau(2017),4.6,,761532,
451.Visagesvillages(2017),7.8,94,761532,$226.28M
452.RickandMorty(2013–)Episode:Vindicators3:TheReturnofWorldender(2017),8.1,,761532,
453.L'amantdouble(2017),6.2,70,761532,$226.28M
454.FantasticBeastsandWheretoFindThem:BeforeHarryPotter(2017Video),7.2,,761532,
455.ActsofVengeance(2017),5.7,49,761532,$226.28M
456.Dark(2017–2020)Episode:AlphaundOmega(2017),9.1,,761532,
457.BadrinathKiDulhania(2017),6.1,,761532,
458.RickandMorty(2013–)Episode:Morty'sMindBlowers(2017),8.9,,761532,
459.Toivontuollapuolen(2017),7.2,84,761532,$226.28M
460.Vivegam(2017),5.2,,761532,
461.Dark(2017–2020)Episode:Gesternundheute(2017),8.5,,761532,
462.Dark(2017–2020)Episode:Wahrheiten(2017),8.8,,761532,
463.ShingekinoKyojin(2013–2023)Episode:Children(2017),9.0,,761532,
464.BetterCallSaul(2015–2022)Episode:Lantern(2017),9.2,,761532,
465.ShingekinoKyojin(2013–2023)Episode:I'mHome(2017),8.5,,761532,
466.Errementari(2017),6.4,,761532,
467.DayoftheDead:Bloodline(2017),3.4,,761532,
468.ChristmasInheritance(2017),5.7,,761532,
469.Dark(2017–2020)Episode:SicMundusCreatusEst(2017),9.0,,761532,
470.ShingekinoKyojin(2013–2023)Episode:Southwestward(2017),8.7,,761532,
471.InsideEdge(2017–),7.9,,761532,
472.RickandMorty(2013–)Episode:TheWhirlyDirlyConspiracy(2017),8.4,,761532,
473.XX(2017),4.6,64,761532,$226.28M
"474.Dark(2017–2020)Episode:Wasmansät,daswirdmanernten(2017)",9.1,,761532,
475.ShingekinoKyojin(2013–2023)Episode:TheHunters(2017),8.5,,761532,
476.ShingekinoKyojin(2013–2023)Episode:Opening(2017),8.6,,761532,
477.FirstKill(2017),5.0,39,761532,$226.28M
478.Descendants2(2017TVMovie),6.3,,761532,
479.Bushwick(2017),5.2,44,761532,$226.28M
480.DeepintheHeartofTexas:DaveChappelleLiveatAustinCityLimits(2017TVSpecial),7.9,,761532,
481.ZoneBlanche(2017–),7.4,,761532,
482.Dark(2017–2020)Episode:Doppelleben(2017),8.2,,761532,
483.ThePlace(2017),7.0,,761532,
484.SmallTownCrime(2017),6.6,68,761532,$226.28M
485.WhiteGold(2017–2019),7.4,,761532,
486.Mr.Robot(2015–2019)Episode:eps3.4_runtime-err0r.r00(2017),9.7,,761532,
487.Tuntematonsotilas(2017),7.7,,761532,
488.VoicefromtheStone(2017),5.2,42,761532,$226.28M
489.SenkenadBalkanom(2017–),8.9,,761532,
490.OnChesilBeach(2017),6.3,62,761532,$226.28M
491.Laragazzanellanebbia(2017),6.8,,761532,
492.Psych:TheMovie(2017TVMovie),7.3,,761532,
493.MadeinAbyss(2017–),8.4,,761532,
494.Salyut-7(2017),7.2,,761532,
495.HowtoTalktoGirlsatParties(2017),5.7,50,761532,$226.28M
496.BoJackHorseman(2014–2020)Episode:Time'sArrow(2017),9.8,,761532,
497.BetterCallSaul(2015–2022)Episode:Witness(2017),9.0,,761532,
498.Dark(2017–2020)Episode:Kreuzwege(2017),8.6,,761532,
499.TourdePharmacy(2017TVMovie),7.1,,761532,
500.Dark(2017–2020)Episode:Allesistjetzt(2017),8.6,,761532,
501.Taken(2017–2018),6.6,,761532,
502.SidneyHall(2017),6.8,18,761532,$226.28M
503.Lesensdelafête(I)(2017),6.8,,761532,
504.Fi(2017–2018),7.8,,761532,
505.Judwaa2(2017),3.6,,761532,
506.RickandMorty(2013–)Episode:TheRickchurianMortydate(2017),8.2,,761532,
507.SweetVirginia(2017),6.2,72,761532,$226.28M
508.Laforêt(2017),7.2,,761532,
509.ThePolkaKing(2017),6.0,65,761532,$226.28M
510.Mom(I)(2017),7.2,,761532,
511.BetterCallSaul(2015–2022)Episode:Mabel(2017),8.1,,761532,
512.RickandMorty(2013–)Episode:TheABCsofBeth(2017),7.9,,761532,
513.Wilson(I)(2017),5.8,49,761532,$226.28M
514.Bairavaa(2017),5.8,,761532,
515.PeakyBlinders(2013–2022)Episode:TheCompany(2017),9.4,,761532,
516.BetterCallSaul(2015–2022)Episode:Sabrosito(2017),8.9,,761532,
517.TheWalkingDead(2010–2022)Episode:HowIt'sGottaBe(2017),6.7,,761532,
518.Gunpowder(2017),6.6,,761532,
519.JaggaJasoos(2017),6.3,,761532,
520.TabulaRasa(2017),8.0,,761532,
521.PeakyBlinders(2013–2022)Episode:TheNoose(2017),9.4,,761532,
522.TheWalkingDead(2010–2022)Episode:TheDamned(2017),6.7,,761532,
523.Spyder(2017),6.3,,761532,
524.TragedyGirls(2017),6.0,58,761532,$226.28M
525.BulletHead(2017),5.4,51,761532,$226.28M
526.Gongfuyujia(2017),5.1,50,761532,$226.28M
527.Disjointed(2017–2018),6.7,,761532,
528.Wonderstruck(2017),6.2,71,761532,$226.28M
529.ShubhMangalSaavdhan(2017),6.9,,761532,
530.Mr.Robot(2015–2019)Episode:eps3.5_kill-pr0cess.inc(2017),9.6,,761532,
531.PayitahtAbdülhamid(2017–2021),4.9,,761532,
532.LouisC.K.2017(2017TVSpecial),7.6,,761532,
533.Jiqizhixue(2017),5.1,43,761532,$226.28M
534.TheRecall(2017),4.2,,761532,
535.PattiCake$(2017),6.8,67,761532,$226.28M
536.Journey'sEnd(I)(2017),6.7,73,761532,$226.28M
537.ThePiratesofSomalia(2017),6.7,54,761532,$226.28M
538.Salinjauigieokbeob(2017),7.2,,761532,
539.DaveChappelle:TheBirdRevelation(2017TVSpecial),7.8,,761532,
540.Pappapia(2017),4.5,,761532,
541.Inconceivable(2017),5.2,,761532,
542.Lacasadepapel(2017–2021)Episode:Bellaciao(2017),9.2,,761532,
543.DuckTales(2017–2021),8.3,,761532,
544.BeatrizatDinner(2017),6.0,68,761532,$226.28M
545.MommyDeadandDearest(2017),7.4,,761532,
546.Renegades(2017),5.5,33,761532,$226.28M
547.TheWalkingDead(2010–2022)Episode:RockintheRoad(2017),8.0,,761532,
548.Cardinal(2017–2020),7.7,,761532,
549.Liar(2017–2020),7.1,,761532,
550.BadBlood(2017–2018),7.5,,761532,
551.AmySchumer:TheLeatherSpecial(2017TVSpecial),3.2,,761532,
552.Kakegurui(2017–2019),7.2,,761532,
553.ThePunisher(2017–2019)Episode:Home(2017),9.5,,761532,
554.InsideLook:TheAssassinationofGianniVersace-AmericanCrimeStory(2017–2018),7.7,,761532,
555.FilmStarsDon'tDieinLiverpool(2017),6.7,65,761532,$226.28M
556.Aurevoirlà-haut(2017),7.4,,761532,
557.RebelintheRye(2017),6.7,46,761532,$226.28M
558.TheWalkingDead(2010–2022)Episode:Monsters(2017),6.4,,761532,
559.BetterCallSaul(2015–2022)Episode:SunkCosts(2017),8.5,,761532,
560.TheHero(I)(2017),6.5,61,761532,$226.28M
561.TheWalkingDead(2010–2022)Episode:SomeGuy(2017),6.8,,761532,
562.BetterCallSaul(2015–2022)Episode:Fall(2017),8.8,,761532,
563.BetterCallSaul(2015–2022)Episode:OffBrand(2017),8.5,,761532,
564.TheHunter'sPrayer(2017),5.5,35,761532,$226.28M
565.Pyewacket(2017),5.8,56,761532,$226.28M
566.TheWalkingDead(2010–2022)Episode:SayYes(2017),7.0,,761532,
567.GolmaalAgain(2017),4.9,,761532,
568.Revolt(2017),5.3,,761532,
569.Jusqu'àlagarde(2017),7.5,83,761532,$226.28M
570.WinItAll(2017),6.2,77,761532,$226.28M
571.Satan'sSlaves(2017),6.5,,761532,
572.DiaryofaWimpyKid:TheLongHaul(2017),4.3,39,761532,$226.28M
573.BetterCallSaul(2015–2022)Episode:Expenses(2017),8.2,,761532,
574.Lesaffamés(2017),5.8,,761532,
575.Flower(I)(2017),6.0,45,761532,$226.28M
576.TheWalkingDead(2010–2022)Episode:NewBestFriends(2017),7.3,,761532,
577.TheWalkingDead(2010–2022)Episode:BuryMeHere(2017),7.6,,761532,
578.BetterCallSaul(2015–2022)Episode:Slip(2017),8.5,,761532,
579.TheWalkingDead(2010–2022)Episode:HostilesandCalamities(2017),7.3,,761532,
580.TheCaseforChrist(2017),6.2,50,761532,$226.28M
581.TheManfromEarth:Holocene(2017),5.2,,761532,
582.TheLodgers(2017),5.1,52,761532,$226.28M
583.Harlots(2017–2019),7.7,,761532,
584.TheWalkingDead(2010–2022)Episode:TheOtherSide(2017),6.6,,761532,
585.TheBrave(2017–2018),7.5,,761532,
586.NovemberCriminals(2017),5.3,31,761532,$226.28M
587.ElCaminoChristmas(2017),5.7,,761532,
588.Lacasadepapel(2017–2021)Episode:Efectuarloacordado(2017),8.1,,761532,
589.TheLeisureSeeker(2017),6.7,45,761532,$226.28M
590.TheWalkingDead(2010–2022)Episode:TheBigScaryU(2017),7.2,,761532,
591.BladeRunner:BlackOut2022(2017Video),7.3,,761532,
592.WetHotAmericanSummer:TenYearsLater(2017),6.9,,761532,
593.TheDinner(I)(2017),4.5,57,761532,$226.28M
594.TheWhiskeyBandit(2017),7.3,,761532,
595.TheCured(2017),5.6,57,761532,$226.28M
596.TheCrucifixion(2017),5.1,,761532,
597.Beomjoidosi(2017),7.2,,761532,
598.Gojira:KaijûWakusei(2017),6.0,,761532,
599.SweetCountry(2017),6.9,88,761532,$226.28M
600.TheWalkingDead(2010–2022)Episode:SomethingTheyNeed(2017),7.5,,761532,
601.Submergence(2017),5.4,38,761532,$226.28M
602.KillSwitch(I)(2017),4.7,31,761532,$226.28M
603.TheNiceGuys:WordoftheDay(2017),7.6,,761532,
604.Rakka(2017),7.3,,761532,
605.QaribQaribSinglle(2017),7.1,,761532,
"606.TheWalkingDead(2010–2022)Episode:TheKing,theWidowandRick(2017)",6.1,,761532,
607.Alibi.com(2017),6.5,,761532,
608.Damnation(2017–2018),7.6,,761532,
"609.13ReasonsWhy(2017–2020)Episode:Tape7,SideA(2017)",9.2,,761532,
610.BimiluiSoop(2017–),8.5,,761532,
611.ThePunisher(2017–2019)Episode:3AM(2017),8.5,,761532,
612.TheNileHiltonIncident(2017),6.7,70,761532,$226.28M
613.SmallCrimes(2017),5.8,60,761532,$226.28M
614.TheLastWord(2017),6.6,40,761532,$226.28M
615.Clinical(2017),5.1,,761532,
616.BadDayfortheCut(2017),6.5,,761532,
617.Blame!(2017),6.6,,761532,
618.SameKindofDifferentasMe(2017),6.6,47,761532,$226.28M
619.Extortion(2017),6.2,,761532,
620.Assassin'sCreed:Origins(2017VideoGame),8.5,,761532,
621.Unacknowledged(2017),7.0,,761532,
622.TheStar(2017),6.2,42,761532,$226.28M
623.Gekijô-banSôdoÂtoOnrain:SwordArtOnline-Ôdinarusukêru-(2017),7.3,,761532,
624.4Blocks(2017–2019),8.2,,761532,
625.Mr.Robot(2015–2019)Episode:shutdown-r(2017),9.5,,761532,
626.TheWalkingDead(2010–2022)Episode:TimeforAfter(2017),6.5,,761532,
627.Riviera(2017–2020),6.6,,761532,
628.ZhanlangII(2017),5.9,44,761532,$226.28M
629.BombCity(2017),6.8,65,761532,$226.28M
630.Mindhunter(2017–2019)Episode:Episode#1.1(2017),7.8,,761532,
631.AnInconvenientSequel:TruthtoPower(2017),6.6,68,761532,$226.28M
632.Viceroy'sHouse(2017),6.7,53,761532,$226.28M
633.MemeReview(2017–),8.6,,761532,
634.Sachin(2017),8.5,,761532,
635.Raabta(2017),4.7,,761532,
636.PeakyBlinders(2013–2022)Episode:Heathens(2017),9.1,,761532,
637.LongShot(2017TVMovie),7.4,,761532,
638.TheFlash(2014–2023)Episode:Duet(2017),6.1,,761532,
639.TheClapper(I)(2017),5.1,21,761532,$226.28M
640.ResidentEvil7:Biohazard(2017VideoGame),8.6,,761532,
641.DaveMadeaMaze(2017),6.3,60,761532,$226.28M
642.Ozark(2017–2022)Episode:Sugarwood(2017),8.4,,761532,
643.ThePunisher(2017–2019)Episode:MementoMori(2017),9.1,,761532,
644.2036:NexusDawn(2017),6.9,,761532,
645.Mukkabaaz(2017),8.0,,761532,
646.TheIncredibleJessicaJames(2017),6.5,72,761532,$226.28M
647.Madame(I)(2017),6.1,45,761532,$226.28M
648.Arrow(2012–2020)Episode:LianYu(2017),9.6,,761532,
649.Órbita9(2017),5.9,,761532,
650.ThePunisher(2017–2019)Episode:DangerClose(2017),9.2,,761532,
651.Vengeance:ALoveStory(2017),5.2,,761532,
652.Deadpool:NoGoodDeed(2017),8.0,,761532,
653.SickNote(2017–2018),6.8,,761532,
654.BigLittleLies(2017–2019)Episode:YouGetWhatYouNeed(2017),9.4,,761532,
655.Cheong-nyeon-gyeong-chal(2017),7.3,,761532,
656.Lou(I)(2017),7.8,,761532,
657.Lacasadepapel(2017–2021)Episode:Imprudenciasletales(2017),8.2,,761532,
658.Dismissed(2017),5.7,,761532,
659.Crashing(2017–2019),7.6,,761532,
660.TheGreatFather(2017),6.9,,761532,
661.Vuelven(2017),6.9,76,761532,$226.28M
662.6Below:MiracleontheMountain(2017),5.7,40,761532,$226.28M
663.L'ascension(I)(2017),6.9,,761532,
664.Foxtrot(II)(2017),7.2,88,761532,$226.28M
665.StarTrek:Discovery(2017–)Episode:TheVulcanHello(2017),7.2,,761532,
"666.13ReasonsWhy(2017–2020)Episode:Tape1,SideA(2017)",8.2,,761532,
667.Yôkosojitsuryokushijôshuginokyôshitsue(2017–),7.7,,761532,
668.TikliandLaxmiBomb(2017),7.8,,761532,
669.BillBurr:WalkYourWayOut(2017TVSpecial),7.2,,761532,
670.DangshiniJamdeunSaie(2017),8.3,,761532,
671.Lady-Like(2017),5.6,,761532,
672.GreatNews(2017–2018),7.0,,761532,
673.Zerudanodensetsu:Buresuobuzawairudo(2017VideoGame),9.5,,761532,
674.HasanMinhaj:HomecomingKing(2017TVSpecial),8.2,,761532,
675.Bokeh(I)(2017),5.0,56,761532,$226.28M
676.Estiu1993(2017),7.1,81,761532,$226.28M
677.GetMeRogerStone(2017),7.3,75,761532,$226.28M
678.Uncharted:TheLostLegacy(2017VideoGame),8.5,,761532,
679.ShockandAwe(2017),6.3,47,761532,$226.28M
680.WomanWalksAhead(2017),6.6,51,761532,$226.28M
681.Vremyapervykh(2017),7.2,,761532,
682.TheLeftovers(2014–2017)Episode:TheBookofNora(2017),9.5,,761532,
683.PrisonBreak(2005–2017)Episode:Ogygia(2017),8.4,,761532,
684.GetShorty(2017–2019),8.2,,761532,
685.Mr.Robot(2015–2019)Episode:eps3.7_dont-delete-me.ko(2017),9.1,,761532,
686.Gunhamdo(2017),7.1,60,761532,$226.28M
687.JustGettingStarted(2017),4.5,21,761532,$226.28M
688.ThePunisher(2017–2019)Episode:VirtueoftheVicious(2017),9.1,,761532,
"689.13ReasonsWhy(2017–2020)Episode:Tape6,SideA(2017)",9.1,,761532,
690.HalfGirlfriend(2017),4.5,,761532,
691.Spielberg(2017TVMovie),7.7,,761532,
692.Lechalet(2017–2018),7.0,,761532,
693.BillNyeSavestheWorld(2017–2018),3.8,,761532,
694.TheSonofBigfoot(2017),6.1,,761532,
695.AGentleman(2017),6.3,,761532,
696.AllNighter(2017),5.8,37,761532,$226.28M
697.Rockaway(2017),6.7,,761532,
698.DevDD(2017–),6.4,,761532,
699.Lacasadepapel(2017–2021)Episode:Erraraldisparar(2017),8.1,,761532,
700.ThePunisher(2017–2019)Episode:TwoDeadMen(2017),8.1,,761532,
701.Kiborgy.Heroyinevmyrayut(2017),7.5,,761532,
702.TwinPeaks(2017)Episode:Part8(2017),8.7,,761532,
703.MyLittlePony:TheMovie(2017),6.0,39,761532,$226.28M
704.Mindhunter(2017–2019)Episode:Episode#1.2(2017),8.5,,761532,
705.Mindhunter(2017–2019)Episode:Episode#1.10(2017),9.1,,761532,
706.Fargo(2014–)Episode:TheLawofVacantPlaces(2017),8.5,,761532,
707.Unbeausoleilintérieur(2017),6.0,79,761532,$226.28M
708.Ozark(2017–2022)Episode:TheToll(2017),9.1,,761532,
709.Prodigy(2017),6.0,,761532,
710.2048:NowheretoRun(2017),6.8,,761532,
711.M.F.A.(2017),5.9,,761532,
712.PeakyBlinders(2013–2022)Episode:TheDuel(2017),8.7,,761532,
713.Ryde(2017),5.7,,761532,
714.Skybound(2017),4.6,,761532,
715.Sandomenosatsujin(2017),6.7,68,761532,$226.28M
716.Fortnite(2017VideoGame),5.0,,761532,
717.PokémontheMovie:IChooseYou(2017),6.3,,761532,
718.NaamShabana(2017),6.2,,761532,
719.Ghosted(I)(2017),6.3,,761532,
720.PeakyBlinders(2013–2022)Episode:Blackbird(2017),8.5,,761532,
721.ThePunisher(2017–2019)Episode:Kandahar(2017),8.3,,761532,
722.SiyahBeyazAsk(2017–2018),8.0,,761532,
723.StarTrek:Discovery(2017–)Episode:BattleattheBinaryStars(2017),7.4,,761532,
724.YolArkadasim(2017),6.1,,761532,
725.DoctorWho(2005–)Episode:TwiceUponaTime(2017),8.2,,761532,
726.Lacasadepapel(2017–2021)Episode:CaballodeTroya(2017),8.1,,761532,
727.TheBalladofLeftyBrown(2017),6.3,64,761532,$226.28M
728.TheSenseofanEnding(2017),6.4,61,761532,$226.28M
729.D'aprèsunehistoirevraie(I)(2017),5.7,43,761532,$226.28M
730.TheSaint(2017TVMovie),4.9,,761532,
731.AlokoUdapadi(2017),8.4,,761532,
732.OHADiyorum(2017),1.6,,761532,
733.TheMostHatedWomaninAmerica(2017),6.1,41,761532,$226.28M
734.PeakyBlinders(2013–2022)Episode:Dangerous(2017),8.6,,761532,
735.TheNutJob2:NuttybyNature(2017),5.5,36,761532,$226.28M
736.FindingYourFeet(2017),6.7,53,761532,$226.28M
737.Avicii:TrueStories(2017),7.6,,761532,
738.TheBlacklist:Redemption(2017),7.0,,761532,
739.ThondimuthalumDhriksakshiyum(2017),8.1,,761532,
740.LejeuneKarlMarx(2017),6.6,62,761532,$226.28M
741.StarWars:BattlefrontII(2017VideoGame),7.2,,761532,
742.OneofUs(IV)(2017),7.0,78,761532,$226.28M
743.Singam3(2017),6.0,,761532,
744.Lacasadepapel(2017–2021)Episode:Elquelasiguelaconsigue(2017),8.5,,761532,
745.IAmHeathLedger(2017),7.3,68,761532,$226.28M
"746.Ssam,Maiwei(2017)",8.1,,761532,
747.Lacasadepapel(2017–2021)Episode:Eldíadelamarmota(2017),8.2,,761532,
748.Bose:Dead/Alive(2017),8.7,,761532,
749.Hampstead(2017),6.1,53,761532,$226.28M
750.Claws(2017–2022),7.4,,761532,
751.TheSon(2017–2019),7.5,,761532,
752.TheHandmaid'sTale(2017–)Episode:Offred(2017),8.2,,761532,
753.Zama(2017),6.7,89,761532,$226.28M
754.LA92(2017),8.2,66,761532,$226.28M
755.ThePunisher(2017–2019)Episode:Resupply(2017),8.3,,761532,
756.CallofDuty:WWII(2017VideoGame),7.7,,761532,
757.APB(2017),6.8,,761532,
758.ThisCountry(2017–2020),8.5,,761532,
759.ThePunisher(2017–2019)Episode:Gunner(2017),8.6,,761532,
760.MarjoriePrime(2017),6.3,82,761532,$226.28M
761.Drone(I)(2017),5.4,49,761532,$226.28M
762.ThePunisher(2017–2019)Episode:FrontTowardEnemy(2017),8.9,,761532,
763.Lucifer(2016–2021)Episode:AGoodDaytoDie(2017),9.3,,761532,
764.Legion(2017–2019)Episode:Chapter1(2017),8.7,,761532,
765.TakeOff(2017),8.1,,761532,
766.PhoenixForgotten(2017),5.3,33,761532,$226.28M
767.#Realityhigh(2017),5.1,,761532,
768.Mr.Robot(2015–2019)Episode:eps3.0_power-saver-mode.h(2017),8.7,,761532,
769.TheNeighbor(II)(2017),4.9,,761532,
770.TheBeyond(2017),4.9,,761532,
771.StarTrek:Discovery(2017–)Episode:ContextIsforKings(2017),7.6,,761532,
"772.13ReasonsWhy(2017–2020)Episode:Tape6,SideB(2017)",9.0,,761532,
773.Taboo(2017–)Episode:Episode#1.1(2017),8.4,,761532,
774.Lacasadepapel(2017–2021)Episode:LacálidaGuerraFría(2017),8.1,,761532,
775.Mindhunter(2017–2019)Episode:Episode#1.3(2017),8.2,,761532,
776.Hostile(I)(2017),5.4,,761532,
777.WalkingOut(2017),5.8,79,761532,$226.28M
778.Lacasadepapel(2017–2021)Episode:Refrigeradainestabilidad(2017),8.3,,761532,
"779.13ReasonsWhy(2017–2020)Episode:Tape1,SideB(2017)",7.9,,761532,
780.Devil'sGate(2017),5.1,37,761532,$226.28M
781.Voyeur(II)(2017),6.1,59,761532,$226.28M
782.BloodDrive(2017),7.2,,761532,
783.FamousinLove(2017–2018),6.7,,761532,
784.TheHattonGardenJob(2017),5.6,,761532,
785.ThePunisher(2017–2019)Episode:ColdSteel(2017),8.7,,761532,
786.Sharknado5:GlobalSwarming(2017TVMovie),3.9,,761532,
787.GreenhouseAcademy(2017–2020),6.6,,761532,
788.FackjuGöhte3(2017),5.4,,761532,
789.Underverden(2017),6.6,,761532,
790.Maanagaram(2017),8.1,,761532,
791.Lacasadepapel(2017–2021)Episode:Túlohasbuscado(2017),8.1,,761532,
792.AlphaGo(2017),7.8,,761532,
793.Hagazussa(2017),5.8,72,761532,$226.28M
794.ThePunisher(2017–2019)Episode:Crosshairs(2017),8.6,,761532,
795.DirtyDancing(2017TVMovie),3.2,,761532,
796.AngamalyDiaries(2017),7.9,,761532,
797.ThePunisher(2017–2019)Episode:TheJudasGoat(2017),8.2,,761532,
798.BoJackHorseman(2014–2020)Episode:TheOldSugarmanPlace(2017),9.3,,761532,
799.ChristmasWeddingPlanner(2017TVMovie),4.4,,761532,
800.VictorCrowley(2017),5.5,,761532,
801.TheMaus(2017),4.7,,761532,
802.Ozark(2017–2022)Episode:BlueCat(2017),8.1,,761532,
803.Pieles(2017),6.1,,761532,
804.Mr.Robot(2015–2019)Episode:eps3.1_undo.gz(2017),9.1,,761532,
805.RedNoseDayActually(2017TVShort),7.1,,761532,
806.Mindhunter(2017–2019)Episode:Episode#1.5(2017),8.6,,761532,
807.Lacasadepapel(2017–2021)Episode:Seacabaronlasmáscaras(2017),8.4,,761532,
808.Mr.Robot(2015–2019)Episode:eps3.6_fredrick+tanya.chk(2017),9.0,,761532,
809.SomewhereBetween(2017),6.2,,761532,
810.TheTriptoSpain(2017),6.6,66,761532,$226.28M
811.Lacasadepapel(2017–2021)Episode:Acontrarreloj(2017),8.6,,761532,
812.TakeMe(2017),6.1,56,761532,$226.28M
813.Elautor(2017),6.5,58,761532,$226.28M
814.TwinPeaks(2017)Episode:Part1(2017),8.6,,761532,
815.Mindhunter(2017–2019)Episode:Episode#1.4(2017),8.2,,761532,
816.Trial&Error(2017–2018),7.9,,761532,
817.JaiLavaKusa(2017),6.8,,761532,
818.68Kill(2017),6.0,56,761532,$226.28M
819.TomofFinland(2017),6.8,56,761532,$226.28M
820.Stephanie(I)(2017),5.8,,761532,
"821.13ReasonsWhy(2017–2020)Episode:Tape2,SideA(2017)",7.8,,761532,
822.Lucifer(2016–2021)Episode:OfftheRecord(2017),9.1,,761532,
823.Lacasadepapel(2017–2021)Episode:¿Quéhemoshecho?(2017),8.6,,761532,
824.StarshipTroopers:TraitorofMars(2017),5.5,,761532,
825.Lacasadepapel(2017–2021)Episode:Cuestióndeeficacia(2017),8.5,,761532,
826.HowardsEnd(2017–2018),7.2,,761532,
827.Lacasadepapel(2017–2021)Episode:Lacabezadelplan(2017),8.3,,761532,
828.FunMomDinner(2017),5.3,46,761532,$226.28M
829.Pilgrimage(II)(2017),5.9,60,761532,$226.28M
830.Gangcheolbi(2017),7.1,,761532,
831.TheLeftovers(2014–2017)Episode:TheMostPowerfulManintheWorld(andHisIdenticalTwinBrother)(2017),9.3,,761532,
832.Unsacdebilles(2017),7.3,55,761532,$226.28M
833.Room104(2017–2020),6.1,,761532,
834.Nievenegra(2017),6.2,,761532,
835.Downrange(2017),5.5,42,761532,$226.28M
"836.13ReasonsWhy(2017–2020)Episode:Tape2,SideB(2017)",8.0,,761532,
837.Jojakdoendosi(2017),6.8,,761532,
838.Brockmire(2017–2020),8.0,,761532,
839.JerryBeforeSeinfeld(2017TVSpecial),7.0,,761532,
840.TheToysThatMadeUs(2017–2019),8.0,,761532,
841.TheHousesOctoberBuilt2(2017),4.9,,761532,
842.BandAid(2017),6.6,67,761532,$226.28M
843.Ozark(2017–2022)Episode:MyDrippingSleep(2017),7.6,,761532,
844.Kincsem(2017),7.3,,761532,
845.DearBasketball(2017),7.3,,761532,
"846.BedooneTarikh,BedooneEmza(2017)",7.2,71,761532,$226.28M
847.FinalPortrait(2017),6.3,70,761532,$226.28M
848.Bodied(2017),7.1,75,761532,$226.28M
"849.13ReasonsWhy(2017–2020)Episode:Tape3,SideA(2017)",8.1,,761532,
850.Mr.Robot(2015–2019)Episode:eps3.2_legacy.so(2017),8.7,,761532,
851.I'mSorry.(2017–2020),8.0,,761532,
852.Mindhunter(2017–2019)Episode:Episode#1.6(2017),7.9,,761532,
853.RobotiAniya(2017–2018),8.0,,761532,
854.ConorMcGregor:Notorious(2017),7.1,,761532,
855.UnlugarenelCaribe(2017),7.5,,761532,
856.Ozark(2017–2022)Episode:Kaleidoscope(2017),7.5,,761532,
"857.Ozark(2017–2022)Episode:Coffee,Black(2017)",8.7,,761532,
858.TeamThor:Part2(2017Video),7.4,,761532,
859.TheCheat(2017–2020),8.3,,761532,
860.Mindhunter(2017–2019)Episode:Episode#1.9(2017),8.5,,761532,
"861.13ReasonsWhy(2017–2020)Episode:Tape4,SideA(2017)",8.3,,761532,
862.Aritmiya(2017),7.4,,761532,
863.BigLittleLies(2017–2019)Episode:Somebody'sDead(2017),8.0,,761532,
864.JackWhitehall:TravelswithMyFather(2017–2021),7.6,,761532,
865.FukreyReturns(2017),6.5,,761532,
866.Hvavilfolksi(2017),7.4,69,761532,$226.28M
867.Mindhunter(2017–2019)Episode:Episode#1.7(2017),8.2,,761532,
"868.13ReasonsWhy(2017–2020)Episode:Tape5,SideB(2017)",8.5,,761532,
869.Fargo(2014–)Episode:WhoRulestheLandofDenial?(2017),8.9,,761532,
"870.13ReasonsWhy(2017–2020)Episode:Tape5,SideA(2017)",8.6,,761532,
871.TwinPeaks(2017)Episode:Part2(2017),8.6,,761532,
872.LeRedoutable(2017),6.6,55,761532,$226.28M
873.1987(2017),7.8,,761532,
874.Jizhizhuiji(2017),4.7,,761532,
875.Abstract:TheArtofDesign(2017–),8.3,,761532,
876.Lore(2017–2018),6.6,,761532,
877.Mindhunter(2017–2019)Episode:Episode#1.8(2017),8.1,,761532,
878.Fargo(2014–)Episode:TheLawofNon-Contradiction(2017),7.9,,761532,
"879.13ReasonsWhy(2017–2020)Episode:Tape3,SideB(2017)",7.9,,761532,
880.Pokot(2017),6.3,67,761532,$226.28M
881.Vikings(2013–2020)Episode:OntheEve(2017),8.9,,761532,
882.TheMiniaturist(2017),7.0,,761532,
883.Zygote(I)(2017),7.2,,761532,
884.CastingJonBenet(2017),6.1,74,761532,$226.28M
885.MeriPyaariBindu(2017),6.0,,761532,
886.StarTrek:Discovery(2017–)Episode:TheButcher'sKnifeCaresNotfortheLamb'sCry(2017),7.1,,761532,
887.TheConfessionTapes(2017–),7.5,,761532,
"888.13ReasonsWhy(2017–2020)Episode:Tape4,SideB(2017)",8.0,,761532,
889.Ozark(2017–2022)Episode:TonightWeImprovise(2017),8.0,,761532,
890.TrevorNoah:AfraidoftheDark(2017TVSpecial),7.3,,761532,
891.StarTrek:Discovery(2017–)Episode:MagictoMaketheSanestManGoMad(2017),7.5,,761532,
892.Vikings(2013–2020)Episode:Revenge(2017),8.8,,761532,
893.MutlulukZamani(2017),5.9,,761532,
894.RegularShow(2009–2017)Episode:ARegularEpicFinalBattle(2017),9.8,,761532,
895.Oasis(2017TVMovie),8.0,,761532,
896.MassEffect:Andromeda(2017VideoGame),6.9,,761532,
897.MeinBlindDatemitdemLeben(2017),7.0,,761532,
898.StarTrek:Discovery(2017–)Episode:ChooseYourPain(2017),7.3,,761532,
899.TheHandmaid'sTale(2017–)Episode:BirthDay(2017),8.1,,761532,
900.TheHandmaid'sTale(2017–)Episode:Night(2017),9.0,,761532,
901.Yoruwamijikashiarukeyootome(2017),7.5,65,761532,$226.28M
902.TheHandmaid'sTale(2017–)Episode:Late(2017),8.6,,761532,
903.TheLoch(2017),6.9,,761532,
904.Feral(2017),4.5,41,761532,$226.28M
905.DuvvadaJagannadham(2017),5.8,,761532,
906.KeepingFaith(2017–2021),7.1,,761532,
907.SoosanghanPateuneo(2017),7.8,,761532,
908.SPF-18(2017),3.3,,761532,
909.BoJackHorseman(2014–2020)Episode:StupidPieceofSh*t(2017),9.1,,761532,
910.Stratton(2017),4.8,26,761532,$226.28M
911.TheExpanse(2015–2022)Episode:Home(2017),9.4,,761532,
912.CrashPad(I)(2017),5.8,46,761532,$226.28M
913.ChasingCoral(2017),8.1,86,761532,$226.28M
914.Jackals(I)(2017),5.0,33,761532,$226.28M
915.BeesMakeHoney(2017),5.0,,761532,
916.TwinPeaks(2017)Episode:Part16(2017),9.5,,761532,
917.JohnWick:KillCount(2017Video),8.0,,761532,
918.TumhariSulu(2017),7.0,,761532,
919.November(2017),7.2,79,761532,$226.28M
920.BottomoftheWorld(2017),5.1,,761532,
921.DoctorWho(2005–)Episode:TheDoctorFalls(2017),8.9,,761532,
922.DoctorWho(2005–)Episode:WorldEnoughandTime(2017),9.1,,761532,
923.Ozark(2017–2022)Episode:RulingDays(2017),7.9,,761532,
924.PrisonBreak(2005–2017)Episode:KanielOutis(2017),8.2,,761532,
925.DhakaAttack(2017),7.6,,761532,
926.IbeonSaengeunCheoeumira(2017),8.1,,761532,
927.AmericanHorrorStory(2011–)Episode:ElectionNight(2017),6.5,,761532,
928.SMILF(2017–2019),6.8,,761532,
929.Fargo(2014–)Episode:SomebodytoLove(2017),8.5,,761532,
930.Jane(II)(2017),7.8,87,761532,$226.28M
931.IseYararBirSey(2017),7.6,,761532,
932.DoctorWho(2005–)Episode:ThePilot(2017),7.8,,761532,
933.Fargo(2014–)Episode:ThePrincipleofRestrictedChoice(2017),8.0,,761532,
934.TheCrown(2016–)Episode:DearMrs.Kennedy(2017),9.1,,761532,
935.Andover(2017),5.5,,761532,
936.Ozark(2017–2022)Episode:BookofRuth(2017),8.0,,761532,
937.Mr.Robot(2015–2019)Episode:eps3.3_m3tadata.par2(2017),8.3,,761532,
938.TwinPeaks(2017)Episode:Part3(2017),8.4,,761532,
939.Lefidèle(2017),6.3,50,761532,$226.28M
940.TheBachelors(2017),6.8,54,761532,$226.28M
941.ThisIsYourDeath(2017),5.6,35,761532,$226.28M
942.TheGoodPlace(2016–2020)Episode:Michael'sGambit(2017),9.3,,761532,
943.DearDictator(2017),5.0,44,761532,$226.28M
944.Gemini(II)(2017),5.4,71,761532,$226.28M
945.Jamestown(2017–2019),6.9,,761532,
946.BrooklynNine-Nine(2013–2021)Episode:HalloVeen(2017),9.4,,761532,
947.Ozark(2017–2022)Episode:NestBox(2017),8.0,,761532,
948.Ali'sWedding(2017),6.9,64,761532,$226.28M
949.F*&%theProm(2017),4.2,,761532,
950.Temple(2017),3.7,23,761532,$226.28M
951.IstanbulKirmizisi(2017),5.4,,761532,
952.AppleTreeYard(2017),7.2,,761532,
953.GhostWars(2017–2018),6.2,,761532,
954.OutsideIn(2017),6.7,76,761532,$226.28M
955.Mr.Robot(2015–2019)Episode:eps3.8_stage3.torrent(2017),8.6,,761532,
956.MyDaysofMercy(2017),6.5,,761532,
957.Mr&MmeAdelman(2017),7.3,,761532,
958.HappyFamily(2017),4.8,,761532,
959.Vikings(2013–2020)Episode:Crossings(2017),8.5,,761532,
960.Égmanþig(2017),6.1,,761532,
961.TheOrville(2017–)Episode:OldWounds(2017),7.4,,761532,
962.CubaandtheCameraman(2017),8.2,82,761532,$226.28M
963.Dvizhenievverkh(2017),6.7,,761532,
964.Vikings(2013–2020)Episode:TheReckoning(2017),8.8,,761532,
965.Hwayugi(2017–2018),8.0,,761532,
966.AmericanGods(2017–2021)Episode:TheBoneOrchard(2017),8.0,,761532,
967.StarTrek:Discovery(2017–)Episode:Lethe(2017),7.3,,761532,
968.Whitney:CanIBeMe(2017),6.8,64,761532,$226.28M
969.Thupparivaalan(2017),7.5,,761532,
970.Baadshaho(2017),4.9,,761532,
971.TwinPeaks(2017)Episode:Part4(2017),8.5,,761532,
972.TheChildinTime(2017TVMovie),6.1,,761532,
973.Vårtidärnu(2017–),8.2,,761532,
974.SuperSizeMe2:HolyChicken!(2017),7.1,61,761532,$226.28M
975.Undirtrénu(2017),6.8,75,761532,$226.28M
976.Moontrap:TargetEarth(2017),3.7,,761532,
977.FreakShow(2017),6.6,54,761532,$226.28M
978.Alien:Covenant-Prologue:TheCrossing(2017),7.1,,761532,
979.TheLeftovers(2014–2017)Episode:G'DayMelbourne(2017),9.2,,761532,
980.Firebase(2017),7.0,,761532,
981.Fidaa(2017),7.4,,761532,
982.ThePutinInterviews(2017),7.5,,761532,
983.TylerPerry'sBoo2!AMadeaHalloween(2017),3.9,17,761532,$226.28M
984.Pottersville(2017),5.4,,761532,
985.ThisIsUs(2016–2022)Episode:Memphis(2017),9.5,,761532,
986.DeathRace2050(2017Video),3.7,,761532,
987.TheDefenders(2017)Episode:WorstBehavior(2017),8.8,,761532,
988.TheCrown(2016–)Episode:Vergangenheit(2017),9.1,,761532,
989.TheHandmaid'sTale(2017–)Episode:AWoman'sPlace(2017),8.7,,761532,
990.Rangoon(II)(2017),5.6,,761532,
991.TheDefenders(2017)Episode:TheHWord(2017),7.3,,761532,
992.LittleBoyBlue(2017),7.8,,761532,
993.Cequinouslie(2017),6.8,58,761532,$226.28M
994.StarTrek:Discovery(2017–)Episode:IntotheForestIGo(2017),7.9,,761532,
995.Taboo(2017–)Episode:Episode#1.2(2017),8.2,,761532,
996.KolonyaCumhuriyeti(2017),5.8,,761532,
997.BigLittleLies(2017–2019)Episode:SeriousMothering(2017),8.1,,761532,
998.FiveCameBack(2017),8.3,,761532,
999.TheCakemaker(2017),7.3,74,761532,$226.28M
"1,000.Fargo(2014–)Episode:TheNarrowEscapeProblem(2017)",8.2,,761532,
